filename,extension,size_bytes,probable_title,probable_author,year_guess,Genero,Ventas estimadas,Rating promedio (1-5),numero_resenas,premios,adaptaciones,semanas_lista_bestseller,traduccion_idiomas,PublicoObjetivo,RegionPrincipal,ano_publicacion_real,editorial,titulo_final,autor_final,longitud_texto,num_palabras,num_oraciones,longitud_promedio_oracion,longitud_promedio_palabra,densidad_dialogo,vocabulario_unico,ratio_vocabulario,legibilidad_simple,sentimiento_positivo,sentimiento_negativo,sentimiento_neutral,sentimiento_compuesto,palabras_emocionales_positivas,palabras_emocionales_negativas,idioma,tasa_palabras_emocionales
01 El ultimo deseo - Andrzej Sapkowski (1993).epub,.epub,411446,El Ãºltimo deseo,Andrzej Sapkowski,1993,FantasÃ­a,15M+ (saga completa),,,,"PelÃ­cula, series TV, videojuegos y cÃ³mics",,37,Adultos,Polonia y Europa,1993.0,SuperNowa,El Ãºltimo deseo,Andrzej Sapkowski,142567.0,13879.0,4619.0,3.99,9.296,0.0,4595.0,0.919,23.165978835978834,0.5,0.5,0.0,0.5,0.0,0.0,indeterminado,0.0
01 El_Juego_de_Ender.pdf,.pdf,1285766,El Juego de Ender,Orson Scott Card,1985,Ciencia ficciÃ³n,MÃ¡s de 10M,4.31,1400000.0,Premios Hugo y Nebula,PelÃ­cula de 2013,,34,Adultos jÃ³venes,Estados Unidos,1985.0,Tor Books,El Juego de Ender,Orson Scott Card,481811.0,53558.0,13956.0,4.28,8.549,0.0,4354.0,0.8708,24.06070796460176,1.0,0.0,0.0,1.0,0.0,0.0,indeterminado,3.734269390193809e-05
02 EstaciÃ³n de tormentas - Andrzej Sapkowski (2013).epub,.epub,752110,EstaciÃ³n de tormentas,Andrzej Sapkowski,2013,FantasÃ­a,15M+ (saga completa),,,,"PelÃ­cula, series TV, videojuegos y cÃ³mics",,37,Adultos,Polonia y Europa,2013.0,SuperNowa,EstaciÃ³n de tormentas,Andrzej Sapkowski,,,,,,,,,,,,,,,,,
03 La espada del destino - Andrzej Sapkowski (1992).epub,.epub,462738,La espada del destino,Andrzej Sapkowski,1992,FantasÃ­a,15M+ (saga completa),,,Premio TÃ¤htifantasia (Finlandia),"PelÃ­cula, series TV, videojuegos y cÃ³mics",,37,Adultos,Polonia y Europa,1992.0,SuperNowa,La espada del destino,Andrzej Sapkowski,160838.0,15471.0,5191.0,3.62,9.369,0.0,4604.0,0.9208,16.946881720430113,1.0,0.0,0.0,1.0,1.0,0.0,indeterminado,6.46370628918622e-05
04 La sangre de los elfos - Andrzej Sapkowski (1994).epub,.epub,401712,La sangre de los elfos,Andrzej Sapkowski,1994,FantasÃ­a,15M+ (saga completa),,,Premio David Gemmell (Mejor novela),"PelÃ­cula, series TV, videojuegos y cÃ³mics",,37,Adultos,Polonia y Europa,1994.0,SuperNowa,La sangre de los elfos,Andrzej Sapkowski,138330.0,13415.0,4566.0,3.21,9.453,0.0,4622.0,0.9244,17.178974358974358,0.5,0.5,0.0,0.5,0.0,0.0,indeterminado,0.0
05 Tiempo de odio - Andrzej Sapkowski (1995).epub,.epub,507253,Tiempo de odio,Andrzej Sapkowski,1995,FantasÃ­a,15M+ (saga completa),,,,"PelÃ­cula, series TV, videojuegos y cÃ³mics",,37,Adultos,Polonia y Europa,1995.0,SuperNowa,Tiempo de odio,Andrzej Sapkowski,174536.0,16978.0,5791.0,3.28,9.832,0.0,4687.0,0.9374,21.688612716763004,1.0,0.0,0.0,1.0,0.0,0.0,inglés,0.00011779950524207798
06 Bautismo de fuego - Andrzej Sapkowski (1996).epub,.epub,507800,Bautismo de fuego,Andrzej Sapkowski,1996,FantasÃ­a,15M+ (saga completa),,,,"PelÃ­cula, series TV, videojuegos y cÃ³mics",,37,Adultos,Polonia y Europa,1996.0,SuperNowa,Bautismo de fuego,Andrzej Sapkowski,174666.0,17163.0,5741.0,3.54,9.417,0.0,4588.0,0.9176,19.204285714285703,1.0,0.0,0.0,1.0,0.0,0.0,indeterminado,5.826487210860572e-05
07 La torre de la golondrina - Andrzej Sapkowski (1997).epub,.epub,568402,La torre de la golondrina,Andrzej Sapkowski,1997,FantasÃ­a,15M+ (saga completa),,,,"PelÃ­cula, series TV, videojuegos y cÃ³mics",,37,Adultos,Polonia y Europa,1997.0,SuperNowa,La torre de la golondrina,Andrzej Sapkowski,195136.0,19151.0,6426.0,3.6,9.184,0.0,4606.0,0.9212,16.375416666666666,1.0,0.0,0.0,1.0,1.0,0.0,indeterminado,0.00010443318886742206
08 La dama del lago - Andrzej Sapkowski (1999).epub,.epub,734327,La dama del lago,Andrzej Sapkowski,1999,FantasÃ­a,15M+ (saga completa),,,,"PelÃ­cula, series TV, videojuegos y cÃ³mics",,37,Adultos,Polonia y Europa,1999.0,SuperNowa,La dama del lago,Andrzej Sapkowski,253493.0,24779.0,8296.0,4.0,9.01,0.0,4599.0,0.9198,16.499312169312162,0.5,0.5,0.0,0.5,0.0,0.0,indeterminado,0.0
09 Camino sin retorno - Andrzej Sapkowski (2000).epub,.epub,678834,Camino sin retorno,Andrzej Sapkowski,2000,FantasÃ­a,15M+ (saga completa),,,,"PelÃ­cula, series TV, videojuegos y cÃ³mics",,37,Adultos,Polonia y Europa,2000.0,SuperNowa,Camino sin retorno,Andrzej Sapkowski,237222.0,22579.0,7365.0,3.51,9.961,0.0,4708.0,0.9416,15.766666666666652,1.0,0.0,0.0,1.0,1.0,0.0,inglés,0.0001328668231542584
1192.pdf,.pdf,370856,Elric de MelnibonÃ©,Michael Moorcock,1972,FantasÃ­a Ã©pica clÃ¡sica,,,,,,,,,,,,Elric de MelnibonÃ©,Michael Moorcock,137190.0,17471.0,4377.0,4.72,8.323,0.0,4218.0,0.8436,23.04222222222222,1.0,0.0,0.0,1.0,0.0,0.0,indeterminado,5.723770820216359e-05
15-05-2021-082725Gone-Girl-Gillian-Flynn.pdf,.pdf,2704233,Gone Girl,Gillian Flynn,2012,Thriller psicolÃ³gico,,,,,,,,,,,,Gone Girl,Gillian Flynn,1194376.0,137823.0,30568.0,20.07,3.94,0.0,1992.0,0.3984,26.94592592592592,1.0,0.0,0.0,1.0,3.0,0.0,inglés,5.0789781096043474e-05
1675379391_Fahrenheit_451-Ray_Bradbury.pdf,.pdf,479179,Fahrenheit 451,Ray Bradbury,1953,DistopÃ­a / Ciencia ficciÃ³n,MÃ¡s de 10M,,,Prometheus Hall of Fame Award,"PelÃ­culas (1966 y 2018), obras de teatro, radio, videojuego y novela grÃ¡fica",,33+,Adultos,Estados Unidos,1953.0,Ballantine Books,Fahrenheit 451,Ray Bradbury,206135.0,26494.0,4287.0,12.28,4.087,0.0,3289.0,0.6578,33.11057199211045,0.5,0.5,0.0,0.5,0.0,0.0,indeterminado,0.0
1984.pdf,.pdf,772181,1984,George Orwell,1949,DistopÃ­a polÃ­tica / Ciencia ficciÃ³n,30M+,,,Prometheus Hall of Fame Award,"PelÃ­culas (1956, 1984), teatro y radio",,65,Adultos,Reino Unido,1949.0,Secker & Warburg,1984,George Orwell,336033.0,46004.0,7129.0,12.59,4.006,0.0,3135.0,0.627,32.12319727891156,1.0,0.0,0.0,1.0,0.0,0.0,indeterminado,2.1737240239979134e-05
3.txt,.txt,5352123,Los pazos de Ulloa,Emilia Pardo BazÃ¡n,1886,Realismo,,,,,,,,,,,,Los pazos de Ulloa,Emilia Pardo BazÃ¡n,511886.0,86456.0,4902.0,20.94,5.314,0.0,2456.0,0.4912,21.165686653771758,0.5039370078740157,0.49606299212598426,0.0,0.007874015748031496,125.0,123.0,inglés,0.002937910613491256
4.pdf,.pdf,14561004,El Paciente,Juan GÃ³mez-Jurado,2014,Thriller psicolÃ³gico / Suspenso,,,,,,,,,,,,El Paciente,Juan GÃ³mez-Jurado,491767.0,50630.0,17486.0,4.77,8.696,0.0,4254.0,0.8508,27.9345945945946,0.5,0.5,0.0,0.0,0.0,0.0,inglés,3.9502271380604385e-05
53797_Los_hombres_que_no_amaban_a_las_mujeres.pdf,.pdf,1032242,Los hombres que no amaban a las mujeres,Stieg Larsson,2005,Thriller / Misterio / Policiaco,,,,,,,,,,,,Los hombres que no amaban a las mujeres,Stieg Larsson,412449.0,36238.0,12024.0,6.26,7.862,0.0,4410.0,0.882,34.08475138121547,1.0,0.0,0.0,1.0,1.0,0.0,indeterminado,8.278602571885866e-05
6068_4.2.1.POESIA-EPICA.pdf,.pdf,792191,SelecciÃ³n de Textos de La IlÃ­ada y La Odisea,Homero,s. VIII a.C.,Ã‰pica clÃ¡sica / MitologÃ­a,,,,,,,,,,,,SelecciÃ³n de Textos de La IlÃ­ada y La Odisea,Homero,505453.0,92365.0,4671.0,8.61,6.222,0.0,2891.0,0.5782,36.37564399421129,1.0,0.0,0.0,1.0,0.0,0.0,indeterminado,1.0826611811833486e-05
AAM8264.pdf,.pdf,1046993,El guardiÃ¡n entre el centeno,J. D. Salinger,1951,FicciÃ³n realista / Coming-of-age,,,,,,,,,,,,El guardiÃ¡n entre el centeno,J. D. Salinger,642112.0,100607.0,7930.0,5.68,8.088,0.0,3331.0,0.6662,15.67943502824859,1.0,0.0,0.0,1.0,1.0,0.0,indeterminado,9.93966622600813e-06
Aldous HGuxley Un mundo Feliz.pdf,.pdf,756965,Un mundo feliz,Aldous Huxley,1932,DistopÃ­a / Ciencia ficciÃ³n,,,,,,,,,,,,Un mundo feliz,Aldous Huxley,292596.0,33514.0,7956.0,4.49,8.647,0.0,4385.0,0.877,23.081046025104598,1.0,0.0,0.0,1.0,0.0,0.0,inglés,2.9838276541146985e-05
AnÃ³nimo Poema del Mio Cid.pdf,.pdf,240775,Poema del Mio Cid,AnÃ³nimo,1200,Ã‰pica medieval,,,,,,,,,,,,Poema del Mio Cid,AnÃ³nimo,,,,,,,,,,,,,,,,,
Arcipreste de Hita Libro de buen amor.pdf,.pdf,4059050,Libro de buen amor,Arcipreste de Hita,1330,Literatura medieval / SatÃ­rica,,,,,,,,,,,,Libro de buen amor,Arcipreste de Hita,2236757.0,354942.0,59597.0,2.95,12.645,0.0,4555.0,0.911,13.682027972027967,1.0,0.0,0.0,1.0,0.0,0.0,indeterminado,3.662570222740617e-05
Area 81 - Stephen King.pdf,.pdf,544942,Ãrea 81,Stephen King,2011,Terror / Suspenso,,,,,,,,,,,,Ãrea 81,Stephen King,192542.0,20127.0,6855.0,2.75,9.521,0.0,4573.0,0.9146,34.3,1.0,0.0,0.0,1.0,0.0,0.0,inglés,4.968450340338848e-05
Buenos presagios Edicion ilustrada - Neil Gaiman.pdf,.pdf,1878848,Buenos presagios,Terry Pratchett & Neil Gaiman,1990,FantasÃ­a / Comedia,,,,,,,,,,,,Buenos presagios,Terry Pratchett & Neil Gaiman,725626.0,85579.0,20488.0,3.02,9.483,0.0,4497.0,0.8994,24.750479041916165,1.0,0.0,0.0,1.0,0.0,0.0,inglés,4.6740438659016815e-05
"c3ad16707_Le Guin, Ursuila K. - Un Mago de Terramar.pdf",.pdf,635271,Un mago de Terramar,Ursula K. Le Guin,1968,FantasÃ­a juvenil,,,,,,,,,,,,Un mago de Terramar,Ursula K. Le Guin,235189.0,25595.0,6816.0,4.41,8.966,0.0,4426.0,0.8852,18.58588235294117,1.0,0.0,0.0,1.0,0.0,0.0,indeterminado,7.814026176987693e-05
CAMINO DE PERFECCION.pdf,.pdf,331504,Camino de perfecciÃ³n,PÃ­o Baroja,1902,Novela realista,,,,,,,,,,,,Camino de perfecciÃ³n,PÃ­o Baroja,152276.0,21601.0,2796.0,9.02,5.791,0.0,2349.0,0.4698,39.26492063492063,0.5,0.5,0.0,0.5,0.0,0.0,indeterminado,0.0
Cancion de Susannah - Stephen King.pdf,.pdf,4586940,CanciÃ³n de Susannah,Stephen King,2004,Terror / FantasÃ­a oscura,,,,,,,,,,,,CanciÃ³n de Susannah,Stephen King,1557814.0,147538.0,48669.0,2.57,9.898,0.0,4628.0,0.9256,28.663684210526313,1.0,0.0,0.0,1.0,1.0,0.0,indeterminado,2.7111659369111688e-05
Cecilia_de_Marsilly-Alejandro_Dumas_Padre.pdf,.pdf,833403,Cecilia de Marsilly,Alexandre Dumas (Padre),1844,Novela romÃ¡ntica clÃ¡sica / Aventura,,,,,,,,,,,,Cecilia de Marsilly,Alexandre Dumas (Padre),320059.0,35572.0,8451.0,2.71,13.98,0.0,4638.0,0.9276,16.16037593984963,1.0,0.0,0.0,1.0,0.0,0.0,inglés,2.8111998200832114e-05
celestina.txt,.txt,707815,La Celestina,Fernando de Rojas,1499,Tragicomedia / Literatura clÃ¡sica,,,,,,,,,,,,La Celestina,Fernando de Rojas,669069.0,108410.0,7876.0,17.92,6.518,0.0,2434.0,0.4868,31.581654676258992,0.4704724409448819,0.5295275590551181,0.0,-0.05905511811023622,232.0,267.0,inglés,0.004685914583525505
Cien anos de soledad Edicion conmemorativa - Gabriel Garcia Marquez.pdf,.pdf,2016763,Cien aÃ±os de soledad,Gabriel GarcÃ­a MÃ¡rquez,1967,Realismo mÃ¡gico,>50M,4.12,1100000.0,"Premios Chianciano, Prix du Meilleur Livre Ã‰tranger, RÃ³mulo Gallegos, Neustadt International",Serie de Netflix (2024),,46,Adultos,Colombia / AmÃ©rica Latina,1967.0,Editorial Sudamericana,Cien aÃ±os de soledad,Gabriel GarcÃ­a MÃ¡rquez,723956.0,79560.0,23656.0,3.15,9.21,0.0,4642.0,0.9284,41.57682634730539,0.7777777777777778,0.2222222222222222,0.0,0.5555555555555556,3.0,2.0,inglés,0.00011312217194570136
Clemencia-Ignacio_Manuel_Altamirano.pdf,.pdf,896242,Clemencia,Ignacio Manuel Altamirano,1869,Novela romÃ¡ntica,,,,,,,,,,,,Clemencia,Ignacio Manuel Altamirano,403998.0,43310.0,8932.0,10.02,4.922,0.0,3162.0,0.6324,38.55882352941176,1.0,0.0,0.0,1.0,1.0,0.0,indeterminado,9.235742322789194e-05
d2.txt,.txt,2363635,La biblioteca de Babel,Jorge Luis Borges,1941,FantasÃ­a metafÃ­sica / FilosofÃ­a,,,,,,,,,,,,La biblioteca de Babel,Jorge Luis Borges,2250762.0,396101.0,28865.0,25.19,5.207,0.0,2246.0,0.4492,16.490383653044205,0.5651376146788991,0.43486238532110094,0.0,0.13027522935779817,598.0,465.0,inglés,0.0027518233985776353
despues del anochecer - Stephen King.pdf,.pdf,1874125,DespuÃ©s del anochecer,Stephen King,2008,Terror / Relatos,,,,,,,,,,,,DespuÃ©s del anochecer,Stephen King,698211.0,80340.0,21630.0,2.28,9.577,0.0,4674.0,0.9348,37.04648648648649,0.75,0.25,0.0,0.5,2.0,0.0,inglés,4.978839930296241e-05
divinacomedia.txt,.txt,741046,La Divina Comedia,Dante Alighieri,1320,PoesÃ­a Ã©pica,,,,,,,,,,,,La Divina Comedia,Dante Alighieri,709310.0,124173.0,4461.0,23.43,5.555,0.0,2150.0,0.43,21.56058577405858,0.6832298136645962,0.3167701863354037,0.0,0.36645962732919257,417.0,203.0,inglés,0.005186312644455719
Doncel_de_don_Enrique_el_doliente-Mariano_Jose_de_Larra.pdf,.pdf,1538152,Doncel de Don Enrique el Doliente,Mariano JosÃ© de Larra,1834,Novela histÃ³rica,,,,,,,,,,,,Doncel de Don Enrique el Doliente,Mariano JosÃ© de Larra,760153.0,89627.0,16425.0,28.99,2.916,0.0,2553.0,0.5106,0.0,1.0,0.0,0.0,1.0,0.0,0.0,indeterminado,3.347205641157241e-05
Dracula.txt,.txt,890386,DrÃ¡cula,Bram Stoker,1897,Terror gÃ³tico,,,,,,,,,,,,DrÃ¡cula,Bram Stoker,859798.0,163672.0,9552.0,15.07,6.169,0.0,2786.0,0.5572,36.736256157635474,0.007518796992481203,0.9924812030075187,0.0,-0.9849624060150376,1.0,132.0,inglés,0.0008126008113788553
Duma Key - Stephen King.pdf,.pdf,2933299,Duma Key,Stephen King,2008,Terror psicolÃ³gico / Sobrenatural,,,,,,,,,,,,Duma Key,Stephen King,1086914.0,124398.0,32747.0,2.72,9.855,0.0,4631.0,0.9262,22.80088435374151,0.75,0.25,0.0,0.5,0.0,1.0,indeterminado,3.21548577951414e-05
El bazar de los malos suenos - Stephen King.pdf,.pdf,2292705,El bazar de los malos sueÃ±os,Stephen King,2015,Relatos de terror,,,,,,,,,,,,El bazar de los malos sueÃ±os,Stephen King,854292.0,97081.0,25449.0,3.02,8.831,0.0,4481.0,0.8962,38.03767441860465,1.0,0.0,0.0,1.0,2.0,0.0,indeterminado,4.1202707017851074e-05
El ciclo del hombre lobo - Stephen King.pdf,.pdf,13703582,El ciclo del hombre lobo,Stephen King,1983,Terror,,,,,,,,,,,,El ciclo del hombre lobo,Stephen King,3557972.0,381446.0,231345.0,2.9,9.121,0.0,4601.0,0.9202,27.97702127659575,0.9,0.1,0.0,0.8,4.0,2.0,indeterminado,5.2432061156756134e-05
El CÃ³digo Da Vinci.pdf,.pdf,1152996,El CÃ³digo Da Vinci,Dan Brown,2003,Thriller histÃ³rico / Misterio,80M,3.93,2500000.0,,PelÃ­cula (2006),,44,Adultos,Estados Unidos,2003.0,Doubleday,El CÃ³digo Da Vinci,Dan Brown,,,,,,,,,,,,,,,,,
El diario de Bridget Jones - Helen Fielding.pdf,.pdf,1369806,El diario de Bridget Jones,Helen Fielding,1996,Comedia romÃ¡ntica,,,,,,,,,,,,El diario de Bridget Jones,Helen Fielding,515551.0,62649.0,15681.0,2.76,8.847,0.0,4699.0,0.9398,39.2758024691358,1.0,0.0,0.0,1.0,1.0,0.0,inglés,6.38477868760874e-05
El marciano - Andy Weir.pdf,.pdf,1885491,El marciano,Andy Weir,2011,Ciencia ficciÃ³n,5M (NorteamÃ©rica),4.42,1200000.0,"Seiun Award, Geffen Award, Ignotus Award",PelÃ­cula (2015),76.0,45+,Adultos,Estados Unidos,2011.0,Crown Publishing,El marciano,Andy Weir,692255.0,78196.0,21203.0,2.42,11.168,0.0,4424.0,0.8848,36.69074074074075,1.0,0.0,0.0,1.0,0.0,0.0,indeterminado,2.5576755844288712e-05
El pistolero - Stephen King.pdf,.pdf,1566523,El pistolero,Stephen King,1982,FantasÃ­a oscura / Western,,,,,,,,,,,,El pistolero,Stephen King,535485.0,56020.0,21313.0,2.52,10.403,0.0,4641.0,0.9282,30.671654135338358,1.0,0.0,0.0,1.0,0.0,0.0,indeterminado,5.355230274901821e-05
EL PSICOANALISTA - JOHN KATZENBACH.pdf,.pdf,1514730,El psicoanalista,John Katzenbach,2002,Thriller psicolÃ³gico,,,,,,,,,,,,El psicoanalista,John Katzenbach,,,,,,,,,,,,,,,,,
El_final_de_Norma-de_Alarcon_Pedro_Antonio.pdf,.pdf,2642742,El final de Norma,Pedro Antonio de AlarcÃ³n,1855,Novela romÃ¡ntica,,,,,,,,,,,,El final de Norma,Pedro Antonio de AlarcÃ³n,1089425.0,117613.0,30873.0,4.32,8.932,0.0,4569.0,0.9138,8.805555555555557,1.0,0.0,0.0,1.0,1.0,0.0,indeterminado,4.25123073129671e-05
el_gran_gatsby_edincr.pdf,.pdf,783915,El gran Gatsby,F. Scott Fitzgerald,1925,Novela clÃ¡sica / Drama,30M,,,,"PelÃ­culas (1974, 2013)",,42,Adultos,Estados Unidos,1925.0,Charles Scribner's Sons,El gran Gatsby,F. Scott Fitzgerald,325708.0,35831.0,9950.0,7.03,7.098,0.0,4130.0,0.826,35.88113989637306,0.5,0.5,0.0,0.5,0.0,0.0,indeterminado,0.0
el_silencio_de_los_corderos.pdf,.pdf,1226872,El silencio de los corderos,Thomas Harris,1988,Thriller / Crimen,,,,,,,,,,,,El silencio de los corderos,Thomas Harris,474634.0,55080.0,12748.0,4.03,8.644,0.0,4269.0,0.8538,30.21818181818182,1.0,0.0,0.0,1.0,0.0,0.0,indeterminado,7.262164124909223e-05
Entre_naranjos-Vicente_Blasco_Ibanez.pdf,.pdf,845219,Entre naranjos,Vicente Blasco IbÃ¡Ã±ez,1900,Novela costumbrista / Drama,,,,,,,,,,,,Entre naranjos,Vicente Blasco IbÃ¡Ã±ez,369489.0,38843.0,8813.0,12.77,3.249,0.0,2953.0,0.5906,37.02956644674835,1.0,0.0,0.0,1.0,0.0,0.0,indeterminado,2.574466441829931e-05
Eugenia_Grandet-Balzac_Honore_De.pdf,.pdf,2032726,Eugenia Grandet,HonorÃ© de Balzac,1833,Realismo,,,,,,,,,,,,Eugenia Grandet,HonorÃ© de Balzac,749142.0,75968.0,21623.0,4.89,8.271,0.0,4655.0,0.931,31.098979591836738,1.0,0.0,0.0,1.0,2.0,0.0,inglés,6.581718618365627e-05
Frankenstein.txt,.txt,448924,Frankenstein,Mary Shelley,1818,Terror gÃ³tico / Ciencia ficciÃ³n,,,,,,,,,,,,Frankenstein,Mary Shelley,437597.0,78092.0,3604.0,24.24,6.61,0.0,3111.0,0.6222,16.994070351758808,0.0,1.0,0.0,-1.0,0.0,26.0,inglés,0.0003329406341238539
FundaciÃ³n.pdf,.pdf,593130,FundaciÃ³n,Isaac Asimov,1951,Ciencia ficciÃ³n,,,,,,,,,,,,FundaciÃ³n,Isaac Asimov,,,,,,,,,,,,,,,,,
Guia del autoestopista galactico - Douglas Adams.pdf,.pdf,1031319,GuÃ­a del autoestopista galÃ¡ctico,Douglas Adams,1979,Ciencia ficciÃ³n humorÃ­stica,,,,,,,,,,,,GuÃ­a del autoestopista galÃ¡ctico,Douglas Adams,363801.0,40306.0,13887.0,2.62,8.789,0.0,4600.0,0.92,33.90976744186047,0.5,0.5,0.0,0.5,0.0,0.0,indeterminado,0.0
"Harper, Lee - Matar Un RuiseÃ±or.pdf",.pdf,1226893,Matar a un ruiseÃ±or,Harper Lee,1960,Drama social,,,,,,,,,,,,Matar a un ruiseÃ±or,Harper Lee,,,,,,,,,,,,,,,,,
harrypotter.pdf,.pdf,17338552,Harry Potter (saga completa),J.K. Rowling,1997,FantasÃ­a juvenil,500M+,,,,8 pelÃ­culas,,80+,Juvenil,Reino Unido,1997.0,Bloomsbury,Harry Potter (saga completa),J.K. Rowling,6349435.0,730243.0,195257.0,2.41,8.774,0.0,4608.0,0.9216,42.160935251798556,1.0,0.0,0.0,1.0,6.0,0.0,indeterminado,3.423517924855151e-05
"hemingway, ernest - el viejo.pdf",.pdf,656331,El viejo y el mar,Ernest Hemingway,1952,Drama / Aventura,,,,,,,,,,,,El viejo y el mar,Ernest Hemingway,350272.0,60167.0,5467.0,10.23,5.439,0.0,4106.0,0.8212,31.68808841099164,1.0,0.0,0.0,1.0,0.0,0.0,indeterminado,4.9861219605431546e-05
holmes1.txt,.txt,607643,Sherlock Holmes historias,Arthur Conan Doyle,1887,Misterio / Policiaco,,,,,,,,,,,,Sherlock Holmes historias,Arthur Conan Doyle,574636.0,107504.0,7514.0,16.11,6.251,0.0,2910.0,0.582,26.88780409041982,0.06060606060606061,0.9393939393939394,0.0,-0.8787878787878788,0.0,31.0,inglés,0.00030696532222056856
Holmes10.txt,.txt,345924,Sherlock Holmes historias,Arthur Conan Doyle,1887,Misterio / Policiaco,,,,,,,,,,,,Sherlock Holmes historias,Arthur Conan Doyle,334679.0,62263.0,4339.0,12.13,6.509,0.0,2742.0,0.5484,35.84271828665568,0.0,1.0,0.0,-1.0,0.0,18.0,inglés,0.0002890962529913432
Holmes2.txt,.txt,268814,Sherlock Holmes historias,Arthur Conan Doyle,1887,Misterio / Policiaco,,,,,,,,,,,,Sherlock Holmes historias,Arthur Conan Doyle,256171.0,46460.0,3063.0,13.12,6.425,0.0,2992.0,0.5984,44.38318181818181,0.0,1.0,0.0,-1.0,0.0,17.0,inglés,0.0003659061558329746
Holmes3.txt,.txt,261193,Sherlock Holmes historias,Arthur Conan Doyle,1887,Misterio / Policiaco,,,,,,,,,,,,Sherlock Holmes historias,Arthur Conan Doyle,248887.0,46125.0,3279.0,14.2,6.643,0.0,2984.0,0.5968,32.24408839779005,0.0,1.0,0.0,-1.0,0.0,10.0,inglés,0.00021680216802168022
Holmes4.txt,.txt,344212,Sherlock Holmes historias,Arthur Conan Doyle,1887,Misterio / Policiaco,,,,,,,,,,,,Sherlock Holmes historias,Arthur Conan Doyle,325613.0,56872.0,4738.0,14.12,6.664,0.0,2902.0,0.5804,23.31304347826088,0.0,1.0,0.0,-1.0,0.0,7.0,inglés,0.00012308341538894358
Holmes6.txt,.txt,622127,Sherlock Holmes historias,Arthur Conan Doyle,1887,Misterio / Policiaco,,,,,,,,,,,,Sherlock Holmes historias,Arthur Conan Doyle,588024.0,109384.0,7701.0,17.29,6.195,0.0,2970.0,0.594,24.145658153241655,0.06060606060606061,0.9393939393939394,0.0,-0.8787878787878788,0.0,31.0,inglés,0.00030168946098149636
Holmes7.txt,.txt,349320,Sherlock Holmes historias,Arthur Conan Doyle,1887,Misterio / Policiaco,,,,,,,,,,,,Sherlock Holmes historias,Arthur Conan Doyle,328225.0,60844.0,4745.0,15.11,6.27,0.0,2870.0,0.574,28.159776733255,0.0,1.0,0.0,-1.0,0.0,21.0,inglés,0.0003780159095391493
holmes8.txt,.txt,653997,Sherlock Holmes historias,Arthur Conan Doyle,1887,Misterio / Policiaco,,,,,,,,,,,,Sherlock Holmes historias,Arthur Conan Doyle,624862.0,115459.0,8634.0,20.93,6.363,0.0,2833.0,0.5666,23.52283433133732,0.0,1.0,0.0,-1.0,0.0,37.0,inglés,0.0003291211598922561
Holmes9.txt,.txt,357773,Sherlock Holmes historias,Arthur Conan Doyle,1887,Misterio / Policiaco,,,,,,,,,,,,Sherlock Holmes historias,Arthur Conan Doyle,339367.0,62051.0,5025.0,13.31,6.187,0.0,2716.0,0.5432,31.332254641909813,0.0,1.0,0.0,-1.0,0.0,26.0,inglés,0.0004190101690544874
Holmex5.txt,.txt,612925,Sherlock Holmes historias,Arthur Conan Doyle,1887,Misterio / Policiaco,,,,,,,,,,,,Sherlock Holmes historias,Arthur Conan Doyle,582678.0,98514.0,6515.0,17.37,6.111,0.0,2636.0,0.5272,30.729427148194276,0.2222222222222222,0.7777777777777778,0.0,-0.5555555555555556,0.0,14.0,inglés,0.0001827151470856934
Horror 7. Lo mejor del terror contempora - Stephen King.pdf,.pdf,1279484,Lo mejor del terror contemporÃ¡neo,Stephen King,UNKNOWN,Terror / AntologÃ­a,,,,,,,,,,,,Lo mejor del terror contemporÃ¡neo,Stephen King,479269.0,54555.0,14458.0,2.26,10.642,0.0,4596.0,0.9192,38.218805970149255,0.6666666666666666,0.3333333333333333,0.0,0.3333333333333333,0.0,1.0,inglés,5.4990376684080284e-05
i-dune-de-frank-herbert-r1-3.pdf,.pdf,2797757,Dune,Frank Herbert,1965,Ciencia ficciÃ³n Ã©pica,20M,,,"Hugo Award (1966, empate), Nebula Award","PelÃ­culas (1984, 2021) y miniserie",,Decenas,Adultos,Estados Unidos,1965.0,Chilton Books,Dune,Frank Herbert,994092.0,109059.0,31358.0,17.1,1.654,0.0,3838.0,0.7676,29.92597230962869,0.5,0.5,0.0,0.5,0.0,0.0,indeterminado,0.0
Insomnia - Stephen King.pdf,.pdf,3862244,Insomnia,Stephen King,1994,Terror,,,,,,,,,,,,Insomnia,Stephen King,1330770.0,153107.0,48527.0,3.12,8.358,0.0,4437.0,0.8874,37.809386503067486,0.3333333333333333,0.6666666666666666,0.0,-0.3333333333333333,0.0,3.0,indeterminado,5.878242013755086e-05
Isabel Allende La Casa de los EspÃ­ritus.pdf,.pdf,1592815,La casa de los espÃ­ritus,Isabel Allende,1982,Realismo mÃ¡gico,,,,,,,,,,,,La casa de los espÃ­ritus,Isabel Allende,,,,,,,,,,,,,,,,,
J.R.R. Tolkien La Comunidad del anillo I.pdf,.pdf,952790,La comunidad del anillo,J.R.R. Tolkien,1954,FantasÃ­a Ã©pica,,,,,,,,,,,,La comunidad del anillo,J.R.R. Tolkien,363195.0,37213.0,9828.0,5.58,8.69,0.0,3849.0,0.7698,22.20834862385321,1.0,0.0,0.0,1.0,1.0,0.0,indeterminado,8.061698868674925e-05
Jerome K. Jerome Tres hombres en una barca.pdf,.pdf,727445,Tres hombres en una barca,Jerome K. Jerome,1889,Humor,,,,,,,,,,,,Tres hombres en una barca,Jerome K. Jerome,278923.0,31908.0,7806.0,3.37,8.455,0.0,4398.0,0.8796,26.436296296296305,1.0,0.0,0.0,1.0,1.0,0.0,inglés,6.268020559107433e-05
juego-de-caballeros.pdf,.pdf,4389849,Juego de caballeros,Joanne Harris,2005,FicciÃ³n histÃ³rica / Aventura,,,,,,,,,,,,Juego de caballeros,Joanne Harris,2864565.0,395520.0,123857.0,4.2,6.045,0.0,762.0,0.1524,47.48734693877551,0.505,0.495,0.0,0.01,199.0,198.0,inglés,0.0010113268608414239
La chica que amaba a Tom Gordon - Stephen King.pdf,.pdf,867961,La chica que amaba a Tom Gordon,Stephen King,1999,Suspenso / Terror psicolÃ³gico,,,,,,,,,,,,La chica que amaba a Tom Gordon,Stephen King,320251.0,35446.0,10255.0,2.68,9.947,0.0,4557.0,0.9114,27.76294117647059,0.5,0.5,0.0,0.5,0.0,0.0,inglés,0.0
La conjura de los necios - John Kennedy Toole.pdf,.pdf,1701510,La conjura de los necios,John Kennedy Toole,1980,SÃ¡tira / Comedia oscura,,,,,,,,,,,,La conjura de los necios,John Kennedy Toole,645184.0,74011.0,19086.0,2.55,8.459,0.0,4576.0,0.9152,43.81625,0.875,0.125,0.0,0.75,1.0,1.0,inglés,0.00010809204037237708
La cupula - Stephen King.pdf,.pdf,4394135,La cÃºpula,Stephen King,2009,Terror / Ciencia ficciÃ³n,,,,,,,,,,,,La cÃºpula,Stephen King,1683532.0,198647.0,46772.0,5.29,7.882,0.0,4487.0,0.8974,43.755135135135134,0.8571428571428571,0.14285714285714285,0.0,0.7142857142857143,3.0,2.0,inglés,7.04767753854828e-05
La milla verde - Stephen King.pdf,.pdf,1570494,La milla verde,Stephen King,1996,Drama / FantasÃ­a oscura,,,,,,,,,,,,La milla verde,Stephen King,592746.0,67427.0,17747.0,2.26,9.891,0.0,4386.0,0.8772,37.902061068702295,0.7142857142857143,0.2857142857142857,0.0,0.42857142857142855,1.0,2.0,indeterminado,0.00010381597876221691
La tienda - Stephen King.pdf,.pdf,3146131,La tienda,Stephen King,1991,Terror / Sobrenatural,,,,,,,,,,,,La tienda,Stephen King,1187388.0,135181.0,33736.0,2.66,11.757,0.0,4509.0,0.9018,20.09375838926175,0.8,0.2,0.0,0.6,1.0,1.0,inglés,3.6987446460671245e-05
La Torre Oscura - Stephen King.pdf,.pdf,11057619,La Torre Oscura,Stephen King,2004,FantasÃ­a oscura,,,,,,,,,,,,La Torre Oscura,Stephen King,3619578.0,324738.0,123640.0,2.61,8.545,0.0,4549.0,0.9098,42.54716417910448,1.0,0.0,0.0,1.0,6.0,0.0,indeterminado,4.3111677721732596e-05
las-cenizas-de-angela.pdf,.pdf,3520329,Las cenizas de Ãngela,Frank McCourt,1996,BiografÃ­a / Drama,,,,,,,,,,,,Las cenizas de Ãngela,Frank McCourt,1657651.0,198582.0,62884.0,4.19,5.994,0.0,796.0,0.1592,47.64329949238579,0.4978165938864629,0.5021834061135371,0.0,-0.004366812227074236,109.0,106.0,inglés,0.0011531760179673888
las_cronicas_de_narnia_I_II_III_IV_V_VI_y_VII_de_lewis.pdf,.pdf,6765337,Las CrÃ³nicas de Narnia,C.S. Lewis,1950,FantasÃ­a juvenil,,,,,,,,,,,,Las CrÃ³nicas de Narnia,C.S. Lewis,2290736.0,240612.0,83268.0,3.04,12.901,0.0,4738.0,0.9476,11.032903225806464,0.9090909090909091,0.09090909090909091,0.0,0.8181818181818182,2.0,0.0,indeterminado,4.5716755606536664e-05
lazarillo.txt,.txt,169841,El Lazarillo de Tormes,AnÃ³nimo,1554,Picaresca,,,,,,,,,,,,El Lazarillo de Tormes,AnÃ³nimo,164027.0,28703.0,1705.0,19.8,5.947,0.0,2746.0,0.5492,11.313103698332128,0.0,1.0,0.0,-1.0,0.0,2.0,inglés,0.00013935825523464447
La_chica_del_tren_-_Paula_Hawkins.pdf,.pdf,1189662,La chica del tren,Paula Hawkins,2015,Thriller psicolÃ³gico,,,,,,,,,,,,La chica del tren,Paula Hawkins,451376.0,54217.0,12778.0,3.09,11.317,0.0,4410.0,0.882,25.689787234042555,1.0,0.0,0.0,1.0,0.0,0.0,inglés,3.68887987162698e-05
La_edad_de_la_inocencia-Edith_Wharton.pdf,.pdf,1418252,La edad de la inocencia,Edith Wharton,1920,Drama / Romance,,,,,,,,,,,,La edad de la inocencia,Edith Wharton,691738.0,83587.0,15301.0,6.71,8.213,0.0,2747.0,0.5494,20.937038327526125,1.0,0.0,0.0,1.0,1.0,0.0,indeterminado,3.589074856137916e-05
Lirio_del_valle-Balzac_Honore_De.pdf,.pdf,903044,El lirio del valle,HonorÃ© de Balzac,1835,Realismo francÃ©s,,,,,,,,,,,,El lirio del valle,HonorÃ© de Balzac,514131.0,65608.0,6213.0,5.31,8.039,0.0,3227.0,0.6454,28.062877697841728,1.0,0.0,0.0,1.0,1.0,0.0,indeterminado,1.5242043653213023e-05
Los-miserables.pdf,.pdf,7018901,Los miserables,Victor Hugo,1862,Novela histÃ³rica,,,,,,,,,,,,Los miserables,Victor Hugo,2605020.0,272389.0,71134.0,4.76,9.199,0.0,4571.0,0.9142,25.271067615658353,1.0,0.0,0.0,1.0,2.0,0.0,indeterminado,4.038342223804926e-05
Los_amantes_de_Teruel-Juan_Eugenio_Hartzenbusch.pdf,.pdf,642764,Los amantes de Teruel,Juan Eugenio Hartzenbusch,1837,Drama romÃ¡ntico,,,,,,,,,,,,Los amantes de Teruel,Juan Eugenio Hartzenbusch,311240.0,33847.0,6747.0,8.61,5.775,0.0,2533.0,0.5066,40.403390557939915,0.5,0.5,0.0,0.5,0.0,0.0,indeterminado,0.0
Maria-Jorge_Isaacs.pdf,.pdf,2495293,MarÃ­a,Jorge Isaacs,1867,Novela romÃ¡ntica,,,,,,,,,,,,MarÃ­a,Jorge Isaacs,1085607.0,115057.0,29300.0,4.87,8.273,0.0,4644.0,0.9288,31.146213991769542,1.0,0.0,0.0,1.0,4.0,0.0,inglés,6.083941003154958e-05
MobyDick.txt,.txt,1276301,Moby Dick,Herman Melville,1851,Aventura / FilosofÃ­a,,,,,,,,,,,,Moby Dick,Herman Melville,1230278.0,215798.0,10940.0,3.3,6.361,0.0,3460.0,0.692,44.651228070175435,0.0,1.0,0.0,-1.0,0.0,43.0,inglés,0.0002085283459531599
Momo ed original - Michael Ende.pdf,.pdf,11455830,Momo,Michael Ende,1973,FantasÃ­a,,,,,,,,,,,,Momo,Michael Ende,3600440.0,388171.0,147037.0,2.67,10.165,0.0,4674.0,0.9348,34.82241379310345,0.8918918918918919,0.10810810810810811,0.0,0.7837837837837838,7.0,2.0,indeterminado,9.531881567659614e-05
Mort-1.pdf,.pdf,938458,Mort,Terry Pratchett,1987,FantasÃ­a humorÃ­stica,,,,,,,,,,,,Mort,Terry Pratchett,345604.0,36168.0,9817.0,9.15,5.453,0.0,3970.0,0.794,48.114406294706725,1.0,0.0,0.0,1.0,1.0,0.0,indeterminado,8.294625082946251e-05
Neal Stephenson - Snow Crash.pdf,.pdf,726917,Snow Crash,Neal Stephenson,1992,Ciberpunk / Ciencia ficciÃ³n,,,,,,,,,,,,Snow Crash,Neal Stephenson,328759.0,44422.0,6320.0,8.11,6.727,0.0,2954.0,0.5908,34.34767295597484,1.0,0.0,0.0,1.0,1.0,0.0,indeterminado,2.2511368240961685e-05
Neuromante - William Gibson.pdf,.pdf,1107639,Neuromante,William Gibson,1984,Ciberpunk / Ciencia ficciÃ³n,,3.89,349800.0,"Premios Nebula, Hugo y Philip K. Dick",Novela grÃ¡fica y proyectos de pelÃ­cula,,,Adultos,Estados Unidos,1984.0,Ace Books,Neuromante,William Gibson,419241.0,48086.0,12080.0,2.81,8.403,0.0,4319.0,0.8638,35.26333333333332,1.0,0.0,0.0,1.0,0.0,0.0,indeterminado,6.238822110385559e-05
Orgullo_y_prejuicio-Jane_Austen.pdf,.pdf,4200587,Orgullo y prejuicio,Jane Austen,1813,Romance clÃ¡sico,,,,,,,,,,,,Orgullo y prejuicio,Jane Austen,1647335.0,173570.0,49077.0,3.74,8.483,0.0,4549.0,0.9098,33.5925,1.0,0.0,0.0,1.0,2.0,0.0,indeterminado,4.6090914328512995e-05
pdfcoffee.com_1-rothfuss-patrick-el-nombre-del-viento-pdf-free.pdf,.pdf,2734331,El nombre del viento,Patrick Rothfuss,2007,FantasÃ­a Ã©pica,10M+,4.52,1000000.0,,En desarrollo,,,Adultos,Estados Unidos,2007.0,DAW Books,El nombre del viento,Patrick Rothfuss,1045908.0,113070.0,29086.0,3.89,9.797,0.0,4494.0,0.8988,13.16267489711933,0.8571428571428571,0.14285714285714285,0.0,0.7142857142857143,2.0,0.0,indeterminado,6.190855222428583e-05
pepita.txt,.txt,346960,Pepita JimÃ©nez,Juan Valera,1874,Novela romÃ¡ntica,,,,,,,,,,,,Pepita JimÃ©nez,Juan Valera,333596.0,59597.0,3072.0,21.84,4.915,0.0,2109.0,0.4218,23.02618698441796,0.7247706422018348,0.27522935779816515,0.0,0.44954128440366975,235.0,90.0,inglés,0.00548685336510227
Pepita_Jimenez-Juan_Valera.pdf,.pdf,641512,Pepita JimÃ©nez,Juan Valera,1874,Novela romÃ¡ntica,,,,,,,,,,,,Pepita JimÃ©nez,Juan Valera,276135.0,27761.0,6665.0,5.96,7.966,0.0,3138.0,0.6276,25.376756756756762,1.0,0.0,0.0,1.0,1.0,0.0,indeterminado,0.00010806527142394006
platero.txt,.txt,227780,Platero y yo,Juan RamÃ³n JimÃ©nez,1914,PoesÃ­a en prosa,,,,,,,,,,,,Platero y yo,Juan RamÃ³n JimÃ©nez,211239.0,34664.0,3253.0,9.93,6.173,0.0,2415.0,0.483,24.19724351050681,0.48,0.52,0.0,-0.04,33.0,36.0,inglés,0.002163627971382414
Quien pierde paga - Stephen King.pdf,.pdf,1807533,Quien pierde paga,Stephen King,2015,Thriller / Suspenso,,,,,,,,,,,,Quien pierde paga,Stephen King,684343.0,79371.0,20165.0,2.5,10.461,0.0,4699.0,0.9398,26.303243243243244,0.8,0.2,0.0,0.6,0.0,1.0,inglés,6.299530055057892e-05
Quijote.txt,.txt,2225840,Don Quijote de la Mancha,Miguel de Cervantes,1605,Novela clÃ¡sica,500M+,,,,Numerosas pelÃ­culas y obras de teatro,,Decenas,Adultos,EspaÃ±a,1605.0,,Don Quijote de la Mancha,Miguel de Cervantes,2120115.0,386660.0,9947.0,66.25,4.901,0.0,1735.0,0.347,0.0,0.5934833204034135,0.4065166795965865,0.0,0.186966640806827,739.0,470.0,inglés,0.003333678166864946
regenta.txt,.txt,1889465,La Regenta,Leopoldo Alas â€œClarÃ­nâ€,1884,Realismo / Naturalismo,,,,,,,,,,,,La Regenta,Leopoldo Alas â€œClarÃ­nâ€,1798829.0,309431.0,20068.0,40.92,5.331,0.0,2357.0,0.4714,0.0,0.5880989180834622,0.41190108191653785,0.0,0.17619783616692428,746.0,529.0,inglés,0.004181869302041489
Robert Jordan - La rueda del tiempo 1 (El ojo del mundo).pdf,.pdf,1889964,La rueda del tiempo I: El ojo del mundo,Robert Jordan,1990,FantasÃ­a Ã©pica,,4.19,567500.0,,Serie de TV (2021-),,,Adultos,Estados Unidos,1990.0,Tor Books,La rueda del tiempo I: El ojo del mundo,Robert Jordan,761722.0,94644.0,18654.0,6.27,6.772,0.0,3246.0,0.6492,30.10229299363057,1.0,0.0,0.0,1.0,1.0,0.0,indeterminado,4.226364059000042e-05
Ruiz-Zafon-Carlos-La-Sombra-Del-Viento_54Y.pdf,.pdf,1211234,La sombra del viento,Carlos Ruiz ZafÃ³n,2001,Misterio / Suspenso,,,,,,,,,,,,La sombra del viento,Carlos Ruiz ZafÃ³n,485978.0,55540.0,11283.0,14.63,4.069,0.0,3071.0,0.6142,23.36401244167962,0.75,0.25,0.0,0.5,2.0,0.0,indeterminado,7.202016564638099e-05
s1.txt,.txt,169541,s1,UNKNOWN,UNKNOWN,UNKNOWN,,,,,,,,,,,,s1,UNKNOWN,160447.0,28992.0,3440.0,6.16,5.812,0.0,2721.0,0.5442,46.05398576512456,0.0,1.0,0.0,-1.0,0.0,3.0,inglés,0.00010347682119205298
s10.txt,.txt,148382,s10,UNKNOWN,UNKNOWN,UNKNOWN,,,,,,,,,,,,s10,UNKNOWN,141276.0,25697.0,2931.0,6.37,5.915,0.0,2430.0,0.486,44.32223300970874,0.0,1.0,0.0,-1.0,0.0,1.0,inglés,3.891504844923532e-05
s2.html,.html,2596670,s2,UNKNOWN,UNKNOWN,UNKNOWN,,,,,,,,,,,,s2,UNKNOWN,2460893.0,445210.0,49594.0,44.09,5.576,0.0,2704.0,0.5408,0.0,0.034482758620689655,0.9655172413793104,0.0,-0.9310344827586207,1.0,28.0,inglés,6.513780013926013e-05
s3.txt,.txt,206932,s3,UNKNOWN,UNKNOWN,UNKNOWN,,,,,,,,,,,,s3,UNKNOWN,195438.0,34976.0,4085.0,6.54,5.989,0.0,2804.0,0.5608,38.88028436018958,0.0,1.0,0.0,-1.0,0.0,1.0,inglés,2.8591033851784082e-05
s4.html,.html,130368,s4,UNKNOWN,UNKNOWN,UNKNOWN,,,,,,,,,,,,s4,UNKNOWN,122485.0,21419.0,2572.0,4.42,5.876,0.0,2854.0,0.5708,48.804716981132074,0.0,1.0,0.0,-1.0,0.0,6.0,inglés,0.0003268126429805313
s5.txt,.txt,174209,s5,UNKNOWN,UNKNOWN,UNKNOWN,,,,,,,,,,,,s5,UNKNOWN,166084.0,26467.0,3545.0,7.58,5.858,0.0,3056.0,0.6112,34.789795918367346,0.0,1.0,0.0,-1.0,0.0,1.0,inglés,3.778289945970454e-05
s6.txt,.txt,121086,s6,UNKNOWN,UNKNOWN,UNKNOWN,,,,,,,,,,,,s6,UNKNOWN,115378.0,20322.0,2108.0,13.75,5.991,0.0,2817.0,0.5634,29.919960159362546,0.5,0.5,0.0,0.5,0.0,0.0,inglés,0.0
s7.txt,.txt,1032743,s7,UNKNOWN,UNKNOWN,UNKNOWN,,,,,,,,,,,,s7,UNKNOWN,1007313.0,174156.0,9291.0,8.75,6.525,0.0,2685.0,0.537,33.21785714285714,0.0,1.0,0.0,-1.0,0.0,49.0,inglés,0.0002928409012609385
s8.txt,.txt,146723,s8,UNKNOWN,UNKNOWN,UNKNOWN,,,,,,,,,,,,s8,UNKNOWN,139715.0,25438.0,2595.0,9.27,5.775,0.0,2591.0,0.5182,47.83682539682539,0.5,0.5,0.0,0.5,0.0,0.0,inglés,0.0
s9.txt,.txt,1199294,s9,UNKNOWN,UNKNOWN,UNKNOWN,,,,,,,,,,,,s9,UNKNOWN,1122590.0,187032.0,26138.0,14.69,5.999,0.0,2933.0,0.5866,35.47045045045044,0.0,1.0,0.0,-1.0,0.0,10.0,inglés,5.346678643226827e-05
Sentido_y_sensibilidad-Jane_Austen.pdf,.pdf,2602623,Sentido y sensibilidad,Jane Austen,1811,Romance clÃ¡sico,,,,,,,,,,,,Sentido y sensibilidad,Jane Austen,1088273.0,115575.0,29794.0,3.98,8.653,0.0,4515.0,0.903,34.65838427947598,1.0,0.0,0.0,1.0,5.0,0.0,indeterminado,0.00010382868267358858
The-Martian [www.languagecentre.ir].pdf,.pdf,1326093,The Martian,Andy Weir,2011,Ciencia ficciÃ³n,5M (NorteamÃ©rica),4.42,1200000.0,"Seiun Award, Geffen Award, Ignotus Award",PelÃ­cula (2015),76.0,45+,Adultos,Estados Unidos,2011.0,Crown Publishing,The Martian,Andy Weir,529926.0,62247.0,12920.0,2.78,14.428,0.0,4714.0,0.9428,13.943888888888893,1.0,0.0,0.0,1.0,1.0,0.0,indeterminado,3.213006249297155e-05
Trilogia Mistborn - Brandon Sanderson.pdf,.pdf,30334578,TrilogÃ­a Mistborn,Brandon Sanderson,2006,FantasÃ­a Ã©pica,,4.49,864400.0,,,,,Adultos,Estados Unidos,2006.0,Tor Books,TrilogÃ­a Mistborn,Brandon Sanderson,10245970.0,1096716.0,353206.0,2.52,11.472,0.0,4688.0,0.9376,28.275211267605627,0.9545454545454546,0.045454545454545456,0.0,0.9090909090909091,10.0,1.0,indeterminado,6.017966365038898e-05
Voltaire (Jean-Baptiste Poquelin) CÃ¡ndido.pdf,.pdf,307348,CÃ¡ndido,Voltaire,1759,SÃ¡tira / FilosofÃ­a,,,,,,,,,,,,CÃ¡ndido,Voltaire,,,,,,,,,,,,,,,,,
[PDF] 01. Juego de Tronos - 01 - Cancion de Hielo y Fuego.pdf,.pdf,3927073,Juego de Tronos,George R.R. Martin,1996,FantasÃ­a Ã©pica,,,,,,,,,,,,Juego de Tronos,George R.R. Martin,1488011.0,161917.0,40309.0,24.66,2.287,0.0,2683.0,0.5366,2.021459694989119,1.0,0.0,0.0,1.0,2.0,0.0,indeterminado,3.70560225300617e-05
[PDF] 02. Juego de Tronos - Choque de Reyes.pdf,.pdf,4402229,Choque de Reyes,George R.R. Martin,1998,FantasÃ­a Ã©pica,,,,,,,,,,,,Choque de Reyes,George R.R. Martin,1772677.0,204777.0,44907.0,27.48,2.091,0.0,2354.0,0.4708,0.0,1.0,0.0,0.0,1.0,5.0,0.0,indeterminado,4.3950248318903e-05
[PDF] 03. Juego de Tronos - Tormenta de Espadas.pdf,.pdf,2912131,Tormenta de Espadas,George R.R. Martin,2000,FantasÃ­a Ã©pica,,,,,,,,,,,,Tormenta de Espadas,George R.R. Martin,1180025.0,138691.0,29470.0,21.54,2.1,0.0,2492.0,0.4984,14.630323450134767,1.0,0.0,0.0,1.0,3.0,0.0,indeterminado,5.768218557801155e-05
[PDF] 04. Juego de Tronos - FestÃ­n de Cuervos.pdf,.pdf,3986326,FestÃ­n de Cuervos,George R.R. Martin,2005,FantasÃ­a Ã©pica,,,,,,,,,,,,FestÃ­n de Cuervos,George R.R. Martin,,,,,,,,,,,,,,,,,
[PDF] 05. Juego de Tronos - Danza de Dragones.pdf,.pdf,2309606,Danza de Dragones,George R.R. Martin,2011,FantasÃ­a Ã©pica,,,,,,,,,,,,Danza de Dragones,George R.R. Martin,1019592.0,124793.0,19420.0,37.73,2.077,0.0,2019.0,0.4038,0.0,1.0,0.0,0.0,1.0,1.0,0.0,indeterminado,3.205307990031492e-05
